ParishCodeB;ParishCodeA;location_id
010209;010209;1
010202;010202;2
010203;010203;3
010204;010204;4
010206;010206;5
010210;010210;6
010304;010304;7
010305;010305;8
010307;010307;9
010309;010309;10
010310;010310;11
010316;010316;12
010317;010317;13
010318;010318;14
010312;010312;15
010313;010313;16
010402;010402;17
010407;010407;18
010409;010409;19
010411;010411;20
010413;010413;21
010414;010414;22
010415;010415;23
010416;010416;24
010417;010417;25
010418;010418;26
010421;010421;27
010422;010422;28
010423;010423;29
010424;010424;30
010419;010419;31
010420;010420;32
010501;010501;33
010502;010502;34
010515;010515;35
010505;010505;36
010508;010508;37
010516;010516;38
010513;010513;39
010510;010510;40
010511;010511;41
010517;010517;42
010602;010602;43
010606;010606;44
010607;010607;45
010608;010608;46
010610;010610;47
010611;010611;48
010702;010702;49
010704;010704;50
010705;010705;51
010706;010706;52
010801;010801;53
010805;010805;54
010806;010806;55
010808;010808;56
010809;010809;57
011102;011102;58
011103;011103;59
011104;011104;60
011106;011106;61
011109;011109;62
011107;011107;63
011201;011201;64
011202;011202;65
011203;011203;66
011204;011204;67
011301;011301;68
011302;011302;69
011303;011303;70
011305;011305;71
011310;011310;72
011315;011315;73
011318;011318;74
011320;011320;75
011321;011321;76
011322;011322;77
011319;011319;78
011403;011403;79
011404;011404;80
011405;011405;81
011407;011407;82
011502;011502;83
011503;011503;84
011504;011504;85
011509;011509;86
011507;011507;87
010901;010901;88
010902;010902;89
010904;010904;90
010907;010907;91
010908;010908;92
010913;010913;93
010914;010914;94
010916;010916;95
010917;010917;96
010919;010919;97
010921;010921;98
010922;010922;99
010924;010924;100
010925;010925;101
010926;010926;102
010918;010918;103
010932;010932;104
010933;010933;105
010935;010935;106
010934;010934;107
010936;010936;108
011702;011702;109
011704;011704;110
011705;011705;111
011706;011706;112
011708;011708;113
011710;011710;114
011711;011711;115
011601;011601;116
011801;011801;117
011804;011804;118
011805;011805;119
011810;011810;120
011807;011807;121
011812;011812;122
011813;011813;123
011814;011814;124
011901;011901;125
011903;011903;126
011905;011905;127
011906;011906;128
011907;011907;129
011902;011902;130
011910;011910;131
010103;010103;132
010109;010109;133
010112;010112;134
010121;010121;135
010122;010122;136
010123;010123;137
010127;010127;138
010124;010124;139
010125;010125;140
010126;010126;141
010119;010119;142
011005;011005;143
011006;011006;144
011007;011007;145
011008;011008;146
020102;020102;147
020103;020103;148
020104;020104;149
020106;020106;150
020208;020208;151
020203;020203;152
020205;020205;153
020206;020206;154
020209;020209;155
020210;020210;156
020301;020301;157
020302;020302;158
020401;020401;159
020502;020502;160
020503;020503;161
020504;020504;162
020506;020506;163
020510;020510;164
020516;020516;165
020519;020519;166
020521;020521;167
020520;020520;168
020522;020522;169
020523;020523;170
020524;020524;171
020603;020603;172
020604;020604;173
020605;020605;174
020606;020606;175
020701;020701;176
020702;020702;177
020703;020703;178
020704;020704;179
020803;020803;180
020804;020804;181
020807;020807;182
020808;020808;183
021001;021001;184
021002;021002;185
021008;021008;186
021009;021009;187
021010;021010;188
020901;020901;189
020902;020902;190
020903;020903;191
020904;020904;192
020905;020905;193
020906;020906;194
020910;020910;195
021116;021116;196
021118;021118;197
021117;021117;198
021115;021115;199
021102;021102;200
021103;021103;201
021119;021119;202
021106;021106;203
021107;021107;204
021120;021120;205
021121;021121;206
021122;021122;207
021111;021111;208
021203;021203;209
021206;021206;210
021207;021207;211
021208;021208;212
021302;021302;213
021303;021303;214
021308;021308;215
021309;021309;216
021307;021307;217
021401;021401;218
021402;021402;219
021403;021403;220
021404;021404;221
030102;030102;222
030104;030104;223
030119;030119;224
030120;030120;225
030105;030105;226
030107;030107;227
030108;030108;228
030111;030111;229
030112;030112;230
030113;030113;231
030118;030118;232
030125;030125;233
030126;030126;234
030127;030127;235
030128;030128;236
030129;030129;237
030201;030201;238
030202;030202;239
030203;030203;240
030205;030205;241
030206;030206;242
030208;030208;243
030209;030209;244
030210;030210;245
030212;030212;246
030213;030213;247
030215;030215;248
030216;030216;249
030218;030218;250
030220;030220;251
030221;030221;252
030224;030224;253
030228;030228;254
030234;030234;255
030235;030235;256
030268;030268;257
030272;030272;258
030237;030237;259
030242;030242;260
030243;030243;261
030244;030244;262
030245;030245;263
030247;030247;264
030252;030252;265
030254;030254;266
030255;030255;267
030256;030256;268
030257;030257;269
030259;030259;270
030260;030260;271
030261;030261;272
030263;030263;273
030265;030265;274
030264;030264;275
030279;030279;276
030277;030277;277
030282;030282;278
030290;030290;279
030291;030291;280
030292;030292;281
030293;030293;282
030294;030294;283
030295;030295;284
030296;030296;285
030297;030297;286
030298;030298;287
030299;030299;288
0302FA;0302FA;289
0302FB;0302FB;290
0302FC;0302FC;291
0302FD;0302FD;292
0302FE;0302FE;293
0302FF;0302FF;294
0302FG;0302FG;295
0302FH;0302FH;296
030283;030283;297
030287;030287;298
030301;030301;299
030349;030349;300
030351;030351;301
030312;030312;302
030313;030313;303
030315;030315;304
030319;030319;305
030322;030322;306
030325;030325;307
030330;030330;308
030331;030331;309
030334;030334;310
030336;030336;311
030338;030338;312
030354;030354;313
030355;030355;314
030356;030356;315
030357;030357;316
030363;030363;317
030365;030365;318
030364;030364;319
030366;030366;320
030367;030367;321
030368;030368;322
030369;030369;323
030370;030370;324
030371;030371;325
030372;030372;326
030373;030373;327
030375;030375;328
030374;030374;329
030376;030376;330
030377;030377;331
030378;030378;332
030379;030379;333
030380;030380;334
030381;030381;335
030401;030401;336
030404;030404;337
030405;030405;338
030406;030406;339
030407;030407;340
030408;030408;341
030413;030413;342
030415;030415;343
030418;030418;344
030419;030419;345
030420;030420;346
030421;030421;347
030501;030501;348
030502;030502;349
030520;030520;350
030503;030503;351
030508;030508;352
030510;030510;353
030515;030515;354
030517;030517;355
030518;030518;356
030523;030523;357
030524;030524;358
030525;030525;359
030526;030526;360
030527;030527;361
030521;030521;362
030601;030601;363
030608;030608;364
030610;030610;365
030616;030616;366
030617;030617;367
030618;030618;368
030619;030619;369
030620;030620;370
030615;030615;371
030705;030705;372
030726;030726;373
030730;030730;374
030708;030708;375
030709;030709;376
030712;030712;377
030714;030714;378
030716;030716;379
030719;030719;380
030722;030722;381
030723;030723;382
030724;030724;383
030725;030725;384
030728;030728;385
030729;030729;386
030733;030733;387
030737;030737;388
030738;030738;389
030739;030739;390
030740;030740;391
030741;030741;392
030742;030742;393
030743;030743;394
030744;030744;395
030736;030736;396
030801;030801;397
030804;030804;398
030806;030806;399
030807;030807;400
030808;030808;401
030857;030857;402
030812;030812;403
030813;030813;404
030815;030815;405
030820;030820;406
030821;030821;407
030823;030823;408
030824;030824;409
030827;030827;410
030828;030828;411
030830;030830;412
030831;030831;413
030832;030832;414
030835;030835;415
030836;030836;416
030837;030837;417
030838;030838;418
030842;030842;419
030840;030840;420
030858;030858;421
030865;030865;422
030850;030850;423
030854;030854;424
030866;030866;425
030868;030868;426
030875;030875;427
030876;030876;428
030877;030877;429
030878;030878;430
030880;030880;431
030879;030879;432
030881;030881;433
030882;030882;434
030883;030883;435
030884;030884;436
030885;030885;437
030890;030890;438
030886;030886;439
030887;030887;440
030888;030888;441
030889;030889;442
030891;030891;443
030871;030871;444
030906;030906;445
030908;030908;446
030912;030912;447
030913;030913;448
030914;030914;449
030915;030915;450
030917;030917;451
030919;030919;452
030921;030921;453
030922;030922;454
030923;030923;455
030924;030924;456
030925;030925;457
030926;030926;458
030927;030927;459
030930;030930;460
030931;030931;461
030932;030932;462
030933;030933;463
030934;030934;464
030935;030935;465
030929;030929;466
031001;031001;467
031003;031003;468
031004;031004;469
031008;031008;470
031009;031009;471
031010;031010;472
031012;031012;473
031013;031013;474
031014;031014;475
031018;031018;476
031019;031019;477
031020;031020;478
031015;031015;479
031017;031017;480
031105;031105;481
031107;031107;482
031108;031108;483
031109;031109;484
031110;031110;485
031111;031111;486
031112;031112;487
031113;031113;488
031115;031115;489
031118;031118;490
031122;031122;491
031123;031123;492
031124;031124;493
031125;031125;494
031126;031126;495
031120;031120;496
031204;031204;497
031206;031206;498
031210;031210;499
031212;031212;500
031213;031213;501
031215;031215;502
031216;031216;503
031219;031219;504
031221;031221;505
031223;031223;506
031224;031224;507
031225;031225;508
031227;031227;509
031239;031239;510
031242;031242;511
031230;031230;512
031232;031232;513
031233;031233;514
031234;031234;515
031235;031235;516
031250;031250;517
031251;031251;518
031252;031252;519
031253;031253;520
031254;031254;521
031256;031256;522
031257;031257;523
031258;031258;524
031260;031260;525
031259;031259;526
031241;031241;527
031247;031247;528
031249;031249;529
031359;031359;530
031304;031304;531
031308;031308;532
031309;031309;533
031311;031311;534
031313;031313;535
031316;031316;536
031317;031317;537
031323;031323;538
031324;031324;539
031325;031325;540
031328;031328;541
031330;031330;542
031331;031331;543
031335;031335;544
031337;031337;545
031350;031350;546
031340;031340;547
031352;031352;548
031354;031354;549
031361;031361;550
031362;031362;551
031363;031363;552
031364;031364;553
031365;031365;554
031366;031366;555
031360;031360;556
031367;031367;557
031369;031369;558
031368;031368;559
031355;031355;560
031342;031342;561
031370;031370;562
031404;031404;563
031401;031401;564
031408;031408;565
031409;031409;566
031406;031406;567
040102;040102;568
040103;040103;569
040111;040111;570
040121;040121;571
040122;040122;572
040123;040123;573
040124;040124;574
040125;040125;575
040126;040126;576
040118;040118;577
040119;040119;578
040120;040120;579
040201;040201;580
040203;040203;581
040204;040204;582
040206;040206;583
040209;040209;584
040210;040210;585
040212;040212;586
040213;040213;587
040215;040215;588
040216;040216;589
040217;040217;590
040218;040218;591
040219;040219;592
040221;040221;593
040224;040224;594
040225;040225;595
040226;040226;596
040229;040229;597
040230;040230;598
040232;040232;599
040233;040233;600
040234;040234;601
040236;040236;602
040239;040239;603
040240;040240;604
040241;040241;605
040244;040244;606
040246;040246;607
040247;040247;608
040248;040248;609
040250;040250;610
040251;040251;611
040252;040252;612
040253;040253;613
040254;040254;614
040255;040255;615
040256;040256;616
040257;040257;617
040249;040249;618
040304;040304;619
040306;040306;620
040308;040308;621
040309;040309;622
040311;040311;623
040312;040312;624
040313;040313;625
040314;040314;626
040316;040316;627
040320;040320;628
040321;040321;629
040322;040322;630
040323;040323;631
040318;040318;632
040404;040404;633
040406;040406;634
040407;040407;635
040408;040408;636
040502;040502;637
040503;040503;638
040507;040507;639
040509;040509;640
040510;040510;641
040511;040511;642
040514;040514;643
040515;040515;644
040516;040516;645
040517;040517;646
040518;040518;647
040519;040519;648
040520;040520;649
040521;040521;650
040523;040523;651
040524;040524;652
040526;040526;653
040528;040528;654
040530;040530;655
040539;040539;656
040540;040540;657
040541;040541;658
040542;040542;659
040543;040543;660
040544;040544;661
040532;040532;662
040533;040533;663
040534;040534;664
040536;040536;665
040538;040538;666
040604;040604;667
040605;040605;668
040607;040607;669
040608;040608;670
040609;040609;671
040611;040611;672
040612;040612;673
040613;040613;674
040618;040618;675
040619;040619;676
040620;040620;677
040621;040621;678
040616;040616;679
040701;040701;680
040702;040702;681
040703;040703;682
040704;040704;683
040708;040708;684
040709;040709;685
040710;040710;686
040711;040711;687
040712;040712;688
040713;040713;689
040714;040714;690
040716;040716;691
040718;040718;692
040720;040720;693
040721;040721;694
040722;040722;695
040724;040724;696
040727;040727;697
040728;040728;698
040729;040729;699
040730;040730;700
040738;040738;701
040739;040739;702
040740;040740;703
040741;040741;704
040742;040742;705
040731;040731;706
040732;040732;707
040733;040733;708
040734;040734;709
040801;040801;710
040802;040802;711
040803;040803;712
040804;040804;713
040807;040807;714
040808;040808;715
040809;040809;716
040811;040811;717
040812;040812;718
040813;040813;719
040815;040815;720
040817;040817;721
040819;040819;722
040820;040820;723
040829;040829;724
040830;040830;725
040831;040831;726
040832;040832;727
040821;040821;728
040822;040822;729
040826;040826;730
040901;040901;731
040903;040903;732
040905;040905;733
040906;040906;734
040909;040909;735
040910;040910;736
040911;040911;737
040913;040913;738
040916;040916;739
040918;040918;740
040919;040919;741
040920;040920;742
040921;040921;743
041002;041002;744
041005;041005;745
041009;041009;746
041010;041010;747
041011;041011;748
041012;041012;749
041013;041013;750
041014;041014;751
041020;041020;752
041021;041021;753
041022;041022;754
041023;041023;755
041024;041024;756
041015;041015;757
041103;041103;758
041107;041107;759
041108;041108;760
041109;041109;761
041110;041110;762
041115;041115;763
041116;041116;764
041117;041117;765
041113;041113;766
041114;041114;767
041201;041201;768
041203;041203;769
041204;041204;770
041206;041206;771
041207;041207;772
041208;041208;773
041215;041215;774
041216;041216;775
041219;041219;776
041221;041221;777
041226;041226;778
041236;041236;779
041237;041237;780
041238;041238;781
041239;041239;782
041240;041240;783
041241;041241;784
041242;041242;785
041243;041243;786
041227;041227;787
041229;041229;788
041230;041230;789
041232;041232;790
041233;041233;791
041234;041234;792
041235;041235;793
050102;050102;794
050104;050104;795
050105;050105;796
050106;050106;797
050201;050201;798
050202;050202;799
050203;050203;800
050205;050205;801
050211;050211;802
050212;050212;803
050214;050214;804
050216;050216;805
050220;050220;806
050221;050221;807
050222;050222;808
050223;050223;809
050225;050225;810
050226;050226;811
050227;050227;812
050228;050228;813
050229;050229;814
050230;050230;815
050231;050231;816
050302;050302;817
050305;050305;818
050308;050308;819
050309;050309;820
050310;050310;821
050311;050311;822
050312;050312;823
050314;050314;824
050315;050315;825
050318;050318;826
050322;050322;827
050324;050324;828
050332;050332;829
050333;050333;830
050334;050334;831
050335;050335;832
050336;050336;833
050337;050337;834
050338;050338;835
050325;050325;836
050327;050327;837
050401;050401;838
050402;050402;839
050403;050403;840
050406;050406;841
050408;050408;842
050410;050410;843
050411;050411;844
050412;050412;845
050413;050413;846
050431;050431;847
050416;050416;848
050419;050419;849
050420;050420;850
050421;050421;851
050424;050424;852
050425;050425;853
050426;050426;854
050427;050427;855
050432;050432;856
050434;050434;857
050433;050433;858
050435;050435;859
050436;050436;860
050502;050502;861
050505;050505;862
050506;050506;863
050509;050509;864
050510;050510;865
050511;050511;866
050512;050512;867
050514;050514;868
050516;050516;869
050518;050518;870
050519;050519;871
050520;050520;872
050521;050521;873
050601;050601;874
050603;050603;875
050613;050613;876
050605;050605;877
050606;050606;878
050607;050607;879
050614;050614;880
050609;050609;881
050610;050610;882
050611;050611;883
050704;050704;884
050706;050706;885
050707;050707;886
050708;050708;887
050710;050710;888
050711;050711;889
050713;050713;890
050714;050714;891
050712;050712;892
050802;050802;893
050805;050805;894
050807;050807;895
050808;050808;896
050901;050901;897
050902;050902;898
050903;050903;899
050911;050911;900
050912;050912;901
050913;050913;902
050915;050915;903
050916;050916;904
050917;050917;905
050914;050914;906
051001;051001;907
051002;051002;908
051003;051003;909
051101;051101;910
051102;051102;911
051103;051103;912
051104;051104;913
060102;060102;914
060104;060104;915
060105;060105;916
060109;060109;917
060111;060111;918
060112;060112;919
060113;060113;920
060114;060114;921
060115;060115;922
060116;060116;923
060119;060119;924
060120;060120;925
060121;060121;926
060122;060122;927
060201;060201;928
060203;060203;929
060205;060205;930
060207;060207;931
060208;060208;932
060209;060209;933
060218;060218;934
060215;060215;935
060214;060214;936
060220;060220;937
060221;060221;938
060222;060222;939
060223;060223;940
060224;060224;941
060301;060301;942
060309;060309;943
060311;060311;944
060312;060312;945
060318;060318;946
060320;060320;947
060324;060324;948
060329;060329;949
060332;060332;950
060333;060333;951
060334;060334;952
060335;060335;953
060338;060338;954
060337;060337;955
060336;060336;956
060339;060339;957
060340;060340;958
060341;060341;959
060401;060401;960
060406;060406;961
060407;060407;962
060411;060411;963
060412;060412;964
060413;060413;965
060410;060410;966
060519;060519;967
060502;060502;968
060515;060515;969
060520;060520;970
060521;060521;971
060522;060522;972
060507;060507;973
060508;060508;974
060518;060518;975
060523;060523;976
060524;060524;977
060514;060514;978
060512;060512;979
060513;060513;980
060601;060601;981
060604;060604;982
060606;060606;983
060605;060605;984
060706;060706;985
060704;060704;986
060707;060707;987
060708;060708;988
060803;060803;989
060801;060801;990
060804;060804;991
060802;060802;992
060901;060901;993
060902;060902;994
060906;060906;995
060905;060905;996
061002;061002;997
061003;061003;998
061014;061014;999
061005;061005;1000
061006;061006;1001
061008;061008;1002
061009;061009;1003
061010;061010;1004
061011;061011;1005
061015;061015;1006
061016;061016;1007
061101;061101;1008
061102;061102;1009
061103;061103;1010
061104;061104;1011
061106;061106;1012
061109;061109;1013
061110;061110;1014
061111;061111;1015
061115;061115;1016
061118;061118;1017
061119;061119;1018
061122;061122;1019
061123;061123;1020
061124;061124;1021
061125;061125;1022
061126;061126;1023
061201;061201;1024
061202;061202;1025
061211;061211;1026
061204;061204;1027
061206;061206;1028
061207;061207;1029
061212;061212;1030
061209;061209;1031
061301;061301;1032
061302;061302;1033
061304;061304;1034
061307;061307;1035
061310;061310;1036
061312;061312;1037
061313;061313;1038
061314;061314;1039
061401;061401;1040
061402;061402;1041
061403;061403;1042
061407;061407;1043
061501;061501;1044
061504;061504;1045
061506;061506;1046
061508;061508;1047
061509;061509;1048
061510;061510;1049
061513;061513;1050
061514;061514;1051
061511;061511;1052
061512;061512;1053
061602;061602;1054
061603;061603;1055
061608;061608;1056
061609;061609;1057
061611;061611;1058
061612;061612;1059
061614;061614;1060
061616;061616;1061
061617;061617;1062
061618;061618;1063
061619;061619;1064
061701;061701;1065
061702;061702;1066
061703;061703;1067
061704;061704;1068
070104;070104;1069
070103;070103;1070
070105;070105;1071
070107;070107;1072
070201;070201;1073
070202;070202;1074
070208;070208;1075
070209;070209;1076
070206;070206;1077
070301;070301;1078
070304;070304;1079
070302;070302;1080
070303;070303;1081
070401;070401;1082
070404;070404;1083
070402;070402;1084
070411;070411;1085
070417;070417;1086
070414;070414;1087
070415;070415;1088
070416;070416;1089
070413;070413;1090
070601;070601;1091
070607;070607;1092
070610;070610;1093
070605;070605;1094
070606;070606;1095
070611;070611;1096
070612;070612;1097
070701;070701;1098
070702;070702;1099
070703;070703;1100
070704;070704;1101
070801;070801;1102
070802;070802;1103
070803;070803;1104
070903;070903;1105
070905;070905;1106
070906;070906;1107
070909;070909;1108
070910;070910;1109
070908;070908;1110
071001;071001;1111
071002;071002;1112
071102;071102;1113
071103;071103;1114
071104;071104;1115
071106;071106;1116
071202;071202;1117
071201;071201;1118
071303;071303;1119
071301;071301;1120
071302;071302;1121
071401;071401;1122
071402;071402;1123
071406;071406;1124
071404;071404;1125
070515;070515;1126
070503;070503;1127
070502;070502;1128
070506;070506;1129
070509;070509;1130
070513;070513;1131
070522;070522;1132
070523;070523;1133
070524;070524;1134
070525;070525;1135
070526;070526;1136
070527;070527;1137
080106;080106;1138
080104;080104;1139
080102;080102;1140
080103;080103;1141
080202;080202;1142
080203;080203;1143
080206;080206;1144
080205;080205;1145
080301;080301;1146
080302;080302;1147
080303;080303;1148
080304;080304;1149
080404;080404;1150
080401;080401;1151
080402;080402;1152
080403;080403;1153
080506;080506;1154
080503;080503;1155
080507;080507;1156
080508;080508;1157
080602;080602;1158
080604;080604;1159
080607;080607;1160
080608;080608;1161
080703;080703;1162
080704;080704;1163
080708;080708;1164
080707;080707;1165
080801;080801;1166
080802;080802;1167
080803;080803;1168
080804;080804;1169
080808;080808;1170
080809;080809;1171
080805;080805;1172
080807;080807;1173
080812;080812;1174
080901;080901;1175
080902;080902;1176
080903;080903;1177
081003;081003;1178
081004;081004;1179
081005;081005;1180
081006;081006;1181
081101;081101;1182
081102;081102;1183
081103;081103;1184
081303;081303;1185
081305;081305;1186
081306;081306;1187
081307;081307;1188
081309;081309;1189
081310;081310;1190
081201;081201;1191
081401;081401;1192
081404;081404;1193
081408;081408;1194
081410;081410;1195
081411;081411;1196
081412;081412;1197
081501;081501;1198
081502;081502;1199
081504;081504;1200
081506;081506;1201
081603;081603;1202
081601;081601;1203
081602;081602;1204
090102;090102;1205
090103;090103;1206
090105;090105;1207
090106;090106;1208
090107;090107;1209
090109;090109;1210
090110;090110;1211
090114;090114;1212
090115;090115;1213
090116;090116;1214
090203;090203;1215
090207;090207;1216
090209;090209;1217
090210;090210;1218
090213;090213;1219
090219;090219;1220
090224;090224;1221
090230;090230;1222
090231;090231;1223
090232;090232;1224
090233;090233;1225
090234;090234;1226
090235;090235;1227
090236;090236;1228
090227;090227;1229
090229;090229;1230
090302;090302;1231
090304;090304;1232
090322;090322;1233
090306;090306;1234
090307;090307;1235
090308;090308;1236
090309;090309;1237
090310;090310;1238
090311;090311;1239
090312;090312;1240
090314;090314;1241
090323;090323;1242
090324;090324;1243
090325;090325;1244
090326;090326;1245
090318;090318;1246
090403;090403;1247
090406;090406;1248
090408;090408;1249
090410;090410;1250
090418;090418;1251
090419;090419;1252
090420;090420;1253
090422;090422;1254
090421;090421;1255
090415;090415;1256
090501;090501;1257
090502;090502;1258
090504;090504;1259
090505;090505;1260
090507;090507;1261
090509;090509;1262
090510;090510;1263
090511;090511;1264
090512;090512;1265
090517;090517;1266
090518;090518;1267
090519;090519;1268
090602;090602;1269
090603;090603;1270
090605;090605;1271
090625;090625;1272
090612;090612;1273
090613;090613;1274
090614;090614;1275
090617;090617;1276
090623;090623;1277
090624;090624;1278
090626;090626;1279
090627;090627;1280
090628;090628;1281
090619;090619;1282
090620;090620;1283
090621;090621;1284
090766;090766;1285
090703;090703;1286
090704;090704;1287
090705;090705;1288
090706;090706;1289
090708;090708;1290
090709;090709;1291
090711;090711;1292
090712;090712;1293
090713;090713;1294
090714;090714;1295
090716;090716;1296
090717;090717;1297
090718;090718;1298
090757;090757;1299
090721;090721;1300
090758;090758;1301
090759;090759;1302
090760;090760;1303
090722;090722;1304
090723;090723;1305
090724;090724;1306
090725;090725;1307
090728;090728;1308
090729;090729;1309
090730;090730;1310
090732;090732;1311
090734;090734;1312
090738;090738;1313
090744;090744;1314
090761;090761;1315
090762;090762;1316
090763;090763;1317
090764;090764;1318
090765;090765;1319
090746;090746;1320
090747;090747;1321
090748;090748;1322
090749;090749;1323
090750;090750;1324
090751;090751;1325
090752;090752;1326
090753;090753;1327
090802;090802;1328
090803;090803;1329
090801;090801;1330
090804;090804;1331
090901;090901;1332
090902;090902;1333
090905;090905;1334
090907;090907;1335
090908;090908;1336
090917;090917;1337
090912;090912;1338
090918;090918;1339
090914;090914;1340
090915;090915;1341
090919;090919;1342
091028;091028;1343
091032;091032;1344
091029;091029;1345
091009;091009;1346
091010;091010;1347
091012;091012;1348
091013;091013;1349
091014;091014;1350
091015;091015;1351
091017;091017;1352
091018;091018;1353
091024;091024;1354
091030;091030;1355
091035;091035;1356
091031;091031;1357
091033;091033;1358
091034;091034;1359
091027;091027;1360
091101;091101;1361
091103;091103;1362
091102;091102;1363
091106;091106;1364
091107;091107;1365
091109;091109;1366
091110;091110;1367
091111;091111;1368
091112;091112;1369
091113;091113;1370
091114;091114;1371
091118;091118;1372
091120;091120;1373
091123;091123;1374
091124;091124;1375
091125;091125;1376
091126;091126;1377
091127;091127;1378
091133;091133;1379
091134;091134;1380
091141;091141;1381
091142;091142;1382
091143;091143;1383
091144;091144;1384
091145;091145;1385
091146;091146;1386
091147;091147;1387
091136;091136;1388
091138;091138;1389
091139;091139;1390
091201;091201;1391
091205;091205;1392
091207;091207;1393
091208;091208;1394
091209;091209;1395
091210;091210;1396
091212;091212;1397
091213;091213;1398
091216;091216;1399
091219;091219;1400
091221;091221;1401
091224;091224;1402
091230;091230;1403
091231;091231;1404
091232;091232;1405
091233;091233;1406
091234;091234;1407
091235;091235;1408
091236;091236;1409
091225;091225;1410
091228;091228;1411
091301;091301;1412
091303;091303;1413
091304;091304;1414
091305;091305;1415
091307;091307;1416
091309;091309;1417
091310;091310;1418
091311;091311;1419
091312;091312;1420
091313;091313;1421
091314;091314;1422
091315;091315;1423
091316;091316;1424
091321;091321;1425
091330;091330;1426
091331;091331;1427
091332;091332;1428
091333;091333;1429
091334;091334;1430
091335;091335;1431
091325;091325;1432
091401;091401;1433
091402;091402;1434
091403;091403;1435
091404;091404;1436
091405;091405;1437
091418;091418;1438
091407;091407;1439
091410;091410;1440
091411;091411;1441
091412;091412;1442
091414;091414;1443
091415;091415;1444
091416;091416;1445
091419;091419;1446
100102;100102;1447
100120;100120;1448
100104;100104;1449
100105;100105;1450
100106;100106;1451
100108;100108;1452
100109;100109;1453
100112;100112;1454
100114;100114;1455
100121;100121;1456
100122;100122;1457
100123;100123;1458
100116;100116;1459
100201;100201;1460
100208;100208;1461
100204;100204;1462
100205;100205;1463
100209;100209;1464
100301;100301;1465
100309;100309;1466
100303;100303;1467
100304;100304;1468
100306;100306;1469
100307;100307;1470
100401;100401;1471
100404;100404;1472
100402;100402;1473
100403;100403;1474
100502;100502;1475
100505;100505;1476
100503;100503;1477
100506;100506;1478
100601;100601;1479
100602;100602;1480
100604;100604;1481
100606;100606;1482
100607;100607;1483
100608;100608;1484
100609;100609;1485
100611;100611;1486
100618;100618;1487
100617;100617;1488
100619;100619;1489
100615;100615;1490
100703;100703;1491
100801;100801;1492
100802;100802;1493
100803;100803;1494
100806;100806;1495
100901;100901;1496
100902;100902;1497
100925;100925;1498
100926;100926;1499
100907;100907;1500
100909;100909;1501
100913;100913;1502
100915;100915;1503
100921;100921;1504
100932;100932;1505
100933;100933;1506
100934;100934;1507
100935;100935;1508
100936;100936;1509
100937;100937;1510
100938;100938;1511
100939;100939;1512
100940;100940;1513
101001;101001;1514
101003;101003;1515
101002;101002;1516
101101;101101;1517
101102;101102;1518
101103;101103;1519
101301;101301;1520
101302;101302;1521
101303;101303;1522
101402;101402;1523
101406;101406;1524
101407;101407;1525
101405;101405;1526
101501;101501;1527
101503;101503;1528
101504;101504;1529
101505;101505;1530
101506;101506;1531
101515;101515;1532
101508;101508;1533
101509;101509;1534
101510;101510;1535
101518;101518;1536
101519;101519;1537
101513;101513;1538
101514;101514;1539
101602;101602;1540
101605;101605;1541
101606;101606;1542
101608;101608;1543
101609;101609;1544
101614;101614;1545
101610;101610;1546
101613;101613;1547
101615;101615;1548
101616;101616;1549
101201;101201;1550
101202;101202;1551
101208;101208;1552
101203;101203;1553
101210;101210;1554
101209;101209;1555
101207;101207;1556
110106;110106;1557
110107;110107;1558
110108;110108;1559
110109;110109;1560
110118;110118;1561
110117;110117;1562
110119;110119;1563
110120;110120;1564
110121;110121;1565
110113;110113;1566
110114;110114;1567
111513;111513;1568
111512;111512;1569
111514;111514;1570
111515;111515;1571
111516;111516;1572
111517;111517;1573
110201;110201;1574
110202;110202;1575
110203;110203;1576
110204;110204;1577
110301;110301;1578
110302;110302;1579
110303;110303;1580
110304;110304;1581
110310;110310;1582
110306;110306;1583
110307;110307;1584
110401;110401;1585
110407;110407;1586
110411;110411;1587
110412;110412;1588
110413;110413;1589
110409;110409;1590
110410;110410;1591
110501;110501;1592
110506;110506;1593
110507;110507;1594
110508;110508;1595
110601;110601;1596
110602;110602;1597
110654;110654;1598
110655;110655;1599
110656;110656;1600
110657;110657;1601
110607;110607;1602
110658;110658;1603
110608;110608;1604
110659;110659;1605
110610;110610;1606
110611;110611;1607
110660;110660;1608
110618;110618;1609
110621;110621;1610
110661;110661;1611
110633;110633;1612
110662;110662;1613
110663;110663;1614
110664;110664;1615
110665;110665;1616
110666;110666;1617
110639;110639;1618
110667;110667;1619
110702;110702;1620
110705;110705;1621
110707;110707;1622
110708;110708;1623
110728;110728;1624
110731;110731;1625
110726;110726;1626
110730;110730;1627
110727;110727;1628
110729;110729;1629
110803;110803;1630
110805;110805;1631
110810;110810;1632
110806;110806;1633
110812;110812;1634
110813;110813;1635
110814;110814;1636
110808;110808;1637
110902;110902;1638
110904;110904;1639
110906;110906;1640
110909;110909;1641
110911;110911;1642
110913;110913;1643
110918;110918;1644
110919;110919;1645
110920;110920;1646
110921;110921;1647
110922;110922;1648
111603;111603;1649
111609;111609;1650
111608;111608;1651
111610;111610;1652
111002;111002;1653
111009;111009;1654
111012;111012;1655
111013;111013;1656
111014;111014;1657
111102;111102;1658
111115;111115;1659
111105;111105;1660
111108;111108;1661
111123;111123;1662
111122;111122;1663
111124;111124;1664
111125;111125;1665
111126;111126;1666
111127;111127;1667
111128;111128;1668
111201;111201;1669
111202;111202;1670
111203;111203;1671
111306;111306;1672
111310;111310;1673
111311;111311;1674
111326;111326;1675
111314;111314;1676
111316;111316;1677
111317;111317;1678
111321;111321;1679
111322;111322;1680
111323;111323;1681
111324;111324;1682
111325;111325;1683
111318;111318;1684
111412;111412;1685
111413;111413;1686
111414;111414;1687
111415;111415;1688
111408;111408;1689
111409;111409;1690
120101;120101;1691
120102;120102;1692
120104;120104;1693
120103;120103;1694
120201;120201;1695
120202;120202;1696
120203;120203;1697
120302;120302;1698
120303;120303;1699
120305;120305;1700
120306;120306;1701
120309;120309;1702
120310;120310;1703
120401;120401;1704
120402;120402;1705
120403;120403;1706
120501;120501;1707
120502;120502;1708
120503;120503;1709
120504;120504;1710
120601;120601;1711
120604;120604;1712
120605;120605;1713
120607;120607;1714
120712;120712;1715
120713;120713;1716
120706;120706;1717
120707;120707;1718
120708;120708;1719
120714;120714;1720
120715;120715;1721
120801;120801;1722
120802;120802;1723
120803;120803;1724
120902;120902;1725
120903;120903;1726
120905;120905;1727
120906;120906;1728
121001;121001;1729
121002;121002;1730
121003;121003;1731
121004;121004;1732
121101;121101;1733
121102;121102;1734
121103;121103;1735
121104;121104;1736
121201;121201;1737
121205;121205;1738
121207;121207;1739
121208;121208;1740
121210;121210;1741
121211;121211;1742
121212;121212;1743
121304;121304;1744
121301;121301;1745
121305;121305;1746
121302;121302;1747
121308;121308;1748
121401;121401;1749
121402;121402;1750
121404;121404;1751
121412;121412;1752
121413;121413;1753
121411;121411;1754
121410;121410;1755
121501;121501;1756
121502;121502;1757
121503;121503;1758
121504;121504;1759
130103;130103;1760
130107;130107;1761
130112;130112;1762
130115;130115;1763
130117;130117;1764
130134;130134;1765
130118;130118;1766
130119;130119;1767
130120;130120;1768
130121;130121;1769
130123;130123;1770
130126;130126;1771
130128;130128;1772
130129;130129;1773
130135;130135;1774
130136;130136;1775
130141;130141;1776
130142;130142;1777
130143;130143;1778
130144;130144;1779
130145;130145;1780
130146;130146;1781
130148;130148;1782
130138;130138;1783
130139;130139;1784
130147;130147;1785
130204;130204;1786
130205;130205;1787
130206;130206;1788
130207;130207;1789
130208;130208;1790
130215;130215;1791
130221;130221;1792
130222;130222;1793
130223;130223;1794
130224;130224;1795
130225;130225;1796
130226;130226;1797
130219;130219;1798
130220;130220;1799
130301;130301;1800
130302;130302;1801
130305;130305;1802
130306;130306;1803
130307;130307;1804
130313;130313;1805
130314;130314;1806
130315;130315;1807
130317;130317;1808
130318;130318;1809
130319;130319;1810
130324;130324;1811
130334;130334;1812
130335;130335;1813
130336;130336;1814
130337;130337;1815
130338;130338;1816
130339;130339;1817
130340;130340;1818
130341;130341;1819
130412;130412;1820
130405;130405;1821
130408;130408;1822
130413;130413;1823
130414;130414;1824
130415;130415;1825
130416;130416;1826
130502;130502;1827
130504;130504;1828
130510;130510;1829
130512;130512;1830
130513;130513;1831
130515;130515;1832
130524;130524;1833
130525;130525;1834
130527;130527;1835
130528;130528;1836
130529;130529;1837
130530;130530;1838
130531;130531;1839
130532;130532;1840
130526;130526;1841
130601;130601;1842
130618;130618;1843
130619;130619;1844
130603;130603;1845
130608;130608;1846
130609;130609;1847
130620;130620;1848
130617;130617;1849
130613;130613;1850
130616;130616;1851
130732;130732;1852
130733;130733;1853
130704;130704;1854
130734;130734;1855
130705;130705;1856
130736;130736;1857
130737;130737;1858
130738;130738;1859
130739;130739;1860
130735;130735;1861
130722;130722;1862
130723;130723;1863
130724;130724;1864
130740;130740;1865
130741;130741;1866
130730;130730;1867
130811;130811;1868
130812;130812;1869
130813;130813;1870
130814;130814;1871
131001;131001;1872
131002;131002;1873
131003;131003;1874
131004;131004;1875
131008;131008;1876
131009;131009;1877
131010;131010;1878
131011;131011;1879
131013;131013;1880
131014;131014;1881
131017;131017;1882
131025;131025;1883
131018;131018;1884
131019;131019;1885
131020;131020;1886
131021;131021;1887
131022;131022;1888
131024;131024;1889
130902;130902;1890
130904;130904;1891
130905;130905;1892
130906;130906;1893
130917;130917;1894
130908;130908;1895
130910;130910;1896
130918;130918;1897
130913;130913;1898
130914;130914;1899
130919;130919;1900
130916;130916;1901
131101;131101;1902
131102;131102;1903
131103;131103;1904
131104;131104;1905
131105;131105;1906
131106;131106;1907
131107;131107;1908
131108;131108;1909
131109;131109;1910
131110;131110;1911
131112;131112;1912
131113;131113;1913
131141;131141;1914
131115;131115;1915
131142;131142;1916
131140;131140;1917
131121;131121;1918
131122;131122;1919
131139;131139;1920
131125;131125;1921
131128;131128;1922
131132;131132;1923
131133;131133;1924
131129;131129;1925
131138;131138;1926
131134;131134;1927
131143;131143;1928
131136;131136;1929
131202;131202;1930
131203;131203;1931
131210;131210;1932
131211;131211;1933
131216;131216;1934
131217;131217;1935
131218;131218;1936
131305;131305;1937
131307;131307;1938
131308;131308;1939
131311;131311;1940
131314;131314;1941
131313;131313;1942
131315;131315;1943
131401;131401;1944
131402;131402;1945
131405;131405;1946
131413;131413;1947
131430;131430;1948
131416;131416;1949
131418;131418;1950
131433;131433;1951
131435;131435;1952
131436;131436;1953
131437;131437;1954
131434;131434;1955
131432;131432;1956
131806;131806;1957
131808;131808;1958
131809;131809;1959
131810;131810;1960
131811;131811;1961
131501;131501;1962
131503;131503;1963
131506;131506;1964
131505;131505;1965
131602;131602;1966
131603;131603;1967
131604;131604;1968
131607;131607;1969
131610;131610;1970
131611;131611;1971
131612;131612;1972
131613;131613;1973
131614;131614;1974
131616;131616;1975
131617;131617;1976
131631;131631;1977
131632;131632;1978
131633;131633;1979
131634;131634;1980
131635;131635;1981
131636;131636;1982
131637;131637;1983
131627;131627;1984
131628;131628;1985
131630;131630;1986
131701;131701;1987
131702;131702;1988
131703;131703;1989
131704;131704;1990
131709;131709;1991
131712;131712;1992
131717;131717;1993
131725;131725;1994
131726;131726;1995
131727;131727;1996
131728;131728;1997
131730;131730;1998
131729;131729;1999
131731;131731;2000
131723;131723;2001
140104;140104;2002
140119;140119;2003
140118;140118;2004
140105;140105;2005
140106;140106;2006
140107;140107;2007
140108;140108;2008
140115;140115;2009
140120;140120;2010
140121;140121;2011
140122;140122;2012
140124;140124;2013
140123;140123;2014
140202;140202;2015
140206;140206;2016
140207;140207;2017
140208;140208;2018
140209;140209;2019
140211;140211;2020
140212;140212;2021
140301;140301;2022
140302;140302;2023
140303;140303;2024
140304;140304;2025
140401;140401;2026
140504;140504;2027
140501;140501;2028
140502;140502;2029
140503;140503;2030
140604;140604;2031
140609;140609;2032
140610;140610;2033
140605;140605;2034
140608;140608;2035
140607;140607;2036
140707;140707;2037
140708;140708;2038
140709;140709;2039
140704;140704;2040
140705;140705;2041
140801;140801;2042
140802;140802;2043
140803;140803;2044
140907;140907;2045
140905;140905;2046
140902;140902;2047
140908;140908;2048
140903;140903;2049
140909;140909;2050
141002;141002;2051
141001;141001;2052
141101;141101;2053
141103;141103;2054
141104;141104;2055
141106;141106;2056
141107;141107;2057
141110;141110;2058
141111;141111;2059
141201;141201;2060
141202;141202;2061
141203;141203;2062
141302;141302;2063
141303;141303;2064
141304;141304;2065
141305;141305;2066
141307;141307;2067
141309;141309;2068
142101;142101;2069
142102;142102;2070
142104;142104;2071
142105;142105;2072
142106;142106;2073
142115;142115;2074
142111;142111;2075
142113;142113;2076
142119;142119;2077
142120;142120;2078
142121;142121;2079
142122;142122;2080
142114;142114;2081
141401;141401;2082
141402;141402;2083
141410;141410;2084
141405;141405;2085
141408;141408;2086
141411;141411;2087
141415;141415;2088
141416;141416;2089
141417;141417;2090
141418;141418;2091
141502;141502;2092
141503;141503;2093
141507;141507;2094
141508;141508;2095
141601;141601;2096
141602;141602;2097
141604;141604;2098
141605;141605;2099
141606;141606;2100
141607;141607;2101
141608;141608;2102
141628;141628;2103
141613;141613;2104
141614;141614;2105
141616;141616;2106
141629;141629;2107
141630;141630;2108
141631;141631;2109
141633;141633;2110
141632;141632;2111
141634;141634;2112
141625;141625;2113
141701;141701;2114
141702;141702;2115
141703;141703;2116
141704;141704;2117
141802;141802;2118
141804;141804;2119
141808;141808;2120
141809;141809;2121
141814;141814;2122
141813;141813;2123
141817;141817;2124
141818;141818;2125
141819;141819;2126
141820;141820;2127
141821;141821;2128
141902;141902;2129
141904;141904;2130
141917;141917;2131
141909;141909;2132
141910;141910;2133
141918;141918;2134
141919;141919;2135
141921;141921;2136
141920;141920;2137
141916;141916;2138
142001;142001;2139
142002;142002;2140
142003;142003;2141
142006;142006;2142
150201;150201;2143
150202;150202;2144
150203;150203;2145
150106;150106;2146
150105;150105;2147
150104;150104;2148
150107;150107;2149
150303;150303;2150
150312;150312;2151
150313;150313;2152
150314;150314;2153
150315;150315;2154
150407;150407;2155
150410;150410;2156
150411;150411;2157
150409;150409;2158
150501;150501;2159
150505;150505;2160
150503;150503;2161
150506;150506;2162
150601;150601;2163
150603;150603;2164
150607;150607;2165
150608;150608;2166
150701;150701;2167
150704;150704;2168
150709;150709;2169
150710;150710;2170
150711;150711;2171
150802;150802;2172
150803;150803;2173
150804;150804;2174
150806;150806;2175
150901;150901;2176
150902;150902;2177
150903;150903;2178
150904;150904;2179
150907;150907;2180
150910;150910;2181
150913;150913;2182
150912;150912;2183
151002;151002;2184
151005;151005;2185
151006;151006;2186
151007;151007;2187
151103;151103;2188
151101;151101;2189
151102;151102;2190
151207;151207;2191
151208;151208;2192
151205;151205;2193
151209;151209;2194
151210;151210;2195
151302;151302;2196
151301;151301;2197
160101;160101;2198
160102;160102;2199
160104;160104;2200
160105;160105;2201
160106;160106;2202
160108;160108;2203
160109;160109;2204
160113;160113;2205
160115;160115;2206
160142;160142;2207
160121;160121;2208
160122;160122;2209
160123;160123;2210
160124;160124;2211
160125;160125;2212
160128;160128;2213
160131;160131;2214
160130;160130;2215
160133;160133;2216
160144;160144;2217
160145;160145;2218
160146;160146;2219
160152;160152;2220
160154;160154;2221
160153;160153;2222
160155;160155;2223
160156;160156;2224
160157;160157;2225
160158;160158;2226
160159;160159;2227
160160;160160;2228
160161;160161;2229
160162;160162;2230
160163;160163;2231
160164;160164;2232
160149;160149;2233
160201;160201;2234
160205;160205;2235
160209;160209;2236
160211;160211;2237
160214;160214;2238
160215;160215;2239
160221;160221;2240
160222;160222;2241
160223;160223;2242
160224;160224;2243
160225;160225;2244
160217;160217;2245
160218;160218;2246
160220;160220;2247
160301;160301;2248
160304;160304;2249
160305;160305;2250
160307;160307;2251
160308;160308;2252
160311;160311;2253
160313;160313;2254
160317;160317;2255
160319;160319;2256
160320;160320;2257
160321;160321;2258
160322;160322;2259
160323;160323;2260
160401;160401;2261
160404;160404;2262
160405;160405;2263
160406;160406;2264
160407;160407;2265
160410;160410;2266
160411;160411;2267
160415;160415;2268
160418;160418;2269
160420;160420;2270
160421;160421;2271
160422;160422;2272
160423;160423;2273
160424;160424;2274
160427;160427;2275
160428;160428;2276
160431;160431;2277
160434;160434;2278
160435;160435;2279
160436;160436;2280
160437;160437;2281
160438;160438;2282
160439;160439;2283
160440;160440;2284
160501;160501;2285
160503;160503;2286
160505;160505;2287
160507;160507;2288
160510;160510;2289
160513;160513;2290
160514;160514;2291
160515;160515;2292
160519;160519;2293
160520;160520;2294
160522;160522;2295
160523;160523;2296
160524;160524;2297
160525;160525;2298
160526;160526;2299
160521;160521;2300
160601;160601;2301
160602;160602;2302
160603;160603;2303
160604;160604;2304
160606;160606;2305
160611;160611;2306
160612;160612;2307
160613;160613;2308
160614;160614;2309
160619;160619;2310
160627;160627;2311
160626;160626;2312
160628;160628;2313
160629;160629;2314
160630;160630;2315
160623;160623;2316
160624;160624;2317
160701;160701;2318
160752;160752;2319
160704;160704;2320
160753;160753;2321
160754;160754;2322
160755;160755;2323
160707;160707;2324
160708;160708;2325
160709;160709;2326
160710;160710;2327
160756;160756;2328
160757;160757;2329
160713;160713;2330
160714;160714;2331
160716;160716;2332
160717;160717;2333
160718;160718;2334
160719;160719;2335
160721;160721;2336
160758;160758;2337
160724;160724;2338
160726;160726;2339
160727;160727;2340
160728;160728;2341
160729;160729;2342
160759;160759;2343
160760;160760;2344
160734;160734;2345
160744;160744;2346
160747;160747;2347
160737;160737;2348
160739;160739;2349
160740;160740;2350
160742;160742;2351
160743;160743;2352
160703;160703;2353
160745;160745;2354
160746;160746;2355
160750;160750;2356
160802;160802;2357
160803;160803;2358
160805;160805;2359
160806;160806;2360
160808;160808;2361
160812;160812;2362
160817;160817;2363
160818;160818;2364
160819;160819;2365
160820;160820;2366
160816;160816;2367
160901;160901;2368
160902;160902;2369
160903;160903;2370
160904;160904;2371
160905;160905;2372
160908;160908;2373
160910;160910;2374
160940;160940;2375
160911;160911;2376
160914;160914;2377
160915;160915;2378
160920;160920;2379
160922;160922;2380
160925;160925;2381
160926;160926;2382
160928;160928;2383
160923;160923;2384
160941;160941;2385
160942;160942;2386
160943;160943;2387
160944;160944;2388
160945;160945;2389
160946;160946;2390
160947;160947;2391
160948;160948;2392
160938;160938;2393
160935;160935;2394
161003;161003;2395
161004;161004;2396
161006;161006;2397
161007;161007;2398
161009;161009;2399
161012;161012;2400
161013;161013;2401
161016;161016;2402
161017;161017;2403
161018;161018;2404
161019;161019;2405
170101;170101;2406
170107;170107;2407
170108;170108;2408
170109;170109;2409
170112;170112;2410
170113;170113;2411
170114;170114;2412
170120;170120;2413
170121;170121;2414
170122;170122;2415
170123;170123;2416
170116;170116;2417
170117;170117;2418
170118;170118;2419
170217;170217;2420
170218;170218;2421
170203;170203;2422
170219;170219;2423
170220;170220;2424
170208;170208;2425
170210;170210;2426
170213;170213;2427
170215;170215;2428
170221;170221;2429
170301;170301;2430
170302;170302;2431
170305;170305;2432
170309;170309;2433
170310;170310;2434
170312;170312;2435
170313;170313;2436
170314;170314;2437
170316;170316;2438
170317;170317;2439
170318;170318;2440
170320;170320;2441
170321;170321;2442
170322;170322;2443
170353;170353;2444
170324;170324;2445
170327;170327;2446
170329;170329;2447
170350;170350;2448
170330;170330;2449
170331;170331;2450
170333;170333;2451
170334;170334;2452
170340;170340;2453
170356;170356;2454
170355;170355;2455
170357;170357;2456
170354;170354;2457
170358;170358;2458
170359;170359;2459
170360;170360;2460
170361;170361;2461
170341;170341;2462
170343;170343;2463
170344;170344;2464
170345;170345;2465
170347;170347;2466
170349;170349;2467
170348;170348;2468
170401;170401;2469
170402;170402;2470
170408;170408;2471
170403;170403;2472
170407;170407;2473
170501;170501;2474
170502;170502;2475
170505;170505;2476
170509;170509;2477
170510;170510;2478
170508;170508;2479
170601;170601;2480
170603;170603;2481
170604;170604;2482
170607;170607;2483
170609;170609;2484
170612;170612;2485
170616;170616;2486
170618;170618;2487
170619;170619;2488
170623;170623;2489
170625;170625;2490
170626;170626;2491
170627;170627;2492
170629;170629;2493
170631;170631;2494
170632;170632;2495
170636;170636;2496
170637;170637;2497
170638;170638;2498
170639;170639;2499
170640;170640;2500
170641;170641;2501
170642;170642;2502
170643;170643;2503
170635;170635;2504
170701;170701;2505
170703;170703;2506
170704;170704;2507
170705;170705;2508
170710;170710;2509
170711;170711;2510
170708;170708;2511
170802;170802;2512
170805;170805;2513
170809;170809;2514
170813;170813;2515
170814;170814;2516
170815;170815;2517
170816;170816;2518
170810;170810;2519
170901;170901;2520
170902;170902;2521
170906;170906;2522
170908;170908;2523
170909;170909;2524
171001;171001;2525
171002;171002;2526
171004;171004;2527
171007;171007;2528
171005;171005;2529
171009;171009;2530
171011;171011;2531
171013;171013;2532
171014;171014;2533
171016;171016;2534
171017;171017;2535
171015;171015;2536
171101;171101;2537
171102;171102;2538
171103;171103;2539
171106;171106;2540
171110;171110;2541
171111;171111;2542
171112;171112;2543
171201;171201;2544
171203;171203;2545
171205;171205;2546
171206;171206;2547
171232;171232;2548
171209;171209;2549
171211;171211;2550
171212;171212;2551
171233;171233;2552
171215;171215;2553
171216;171216;2554
171217;171217;2555
171219;171219;2556
171220;171220;2557
171221;171221;2558
171222;171222;2559
171223;171223;2560
171224;171224;2561
171234;171234;2562
171235;171235;2563
171227;171227;2564
171236;171236;2565
171229;171229;2566
171230;171230;2567
171231;171231;2568
171302;171302;2569
171319;171319;2570
171303;171303;2571
171304;171304;2572
171305;171305;2573
171317;171317;2574
171310;171310;2575
171311;171311;2576
171312;171312;2577
171320;171320;2578
171313;171313;2579
171314;171314;2580
171315;171315;2581
171316;171316;2582
171401;171401;2583
171403;171403;2584
171404;171404;2585
171406;171406;2586
171409;171409;2587
171410;171410;2588
171414;171414;2589
171415;171415;2590
171416;171416;2591
171420;171420;2592
171426;171426;2593
171431;171431;2594
171432;171432;2595
171433;171433;2596
171434;171434;2597
171435;171435;2598
171436;171436;2599
171437;171437;2600
171429;171429;2601
171438;171438;2602
180101;180101;2603
180120;180120;2604
180104;180104;2605
180106;180106;2606
180107;180107;2607
180109;180109;2608
180110;180110;2609
180111;180111;2610
180114;180114;2611
180115;180115;2612
180121;180121;2613
180122;180122;2614
180123;180123;2615
180118;180118;2616
180201;180201;2617
180202;180202;2618
180208;180208;2619
180204;180204;2620
180206;180206;2621
180301;180301;2622
180303;180303;2623
180304;180304;2624
180305;180305;2625
180309;180309;2626
180312;180312;2627
180313;180313;2628
180314;180314;2629
180317;180317;2630
180319;180319;2631
180322;180322;2632
180323;180323;2633
180324;180324;2634
180325;180325;2635
180326;180326;2636
180327;180327;2637
180403;180403;2638
180404;180404;2639
180405;180405;2640
180406;180406;2641
180408;180408;2642
180409;180409;2643
180410;180410;2644
180412;180412;2645
180413;180413;2646
180414;180414;2647
180415;180415;2648
180416;180416;2649
180417;180417;2650
180418;180418;2651
180502;180502;2652
180504;180504;2653
180505;180505;2654
180507;180507;2655
180508;180508;2656
180509;180509;2657
180510;180510;2658
180525;180525;2659
180511;180511;2660
180516;180516;2661
180517;180517;2662
180519;180519;2663
180520;180520;2664
180526;180526;2665
180527;180527;2666
180528;180528;2667
180523;180523;2668
180524;180524;2669
180601;180601;2670
180602;180602;2671
180605;180605;2672
180606;180606;2673
180607;180607;2674
180608;180608;2675
180614;180614;2676
180616;180616;2677
180619;180619;2678
180620;180620;2679
180621;180621;2680
180622;180622;2681
180702;180702;2682
180703;180703;2683
180705;180705;2684
180706;180706;2685
180707;180707;2686
180708;180708;2687
180709;180709;2688
180710;180710;2689
180713;180713;2690
180717;180717;2691
180719;180719;2692
180721;180721;2693
180722;180722;2694
180723;180723;2695
180716;180716;2696
180720;180720;2697
180802;180802;2698
180804;180804;2699
180805;180805;2700
180807;180807;2701
180808;180808;2702
180809;180809;2703
180811;180811;2704
180901;180901;2705
180908;180908;2706
180903;180903;2707
180905;180905;2708
180910;180910;2709
180911;180911;2710
180906;180906;2711
181002;181002;2712
181005;181005;2713
181007;181007;2714
181008;181008;2715
181009;181009;2716
181013;181013;2717
181014;181014;2718
181015;181015;2719
181102;181102;2720
181103;181103;2721
181104;181104;2722
181105;181105;2723
181106;181106;2724
181109;181109;2725
181110;181110;2726
181111;181111;2727
181112;181112;2728
181114;181114;2729
181115;181115;2730
181202;181202;2731
181203;181203;2732
181207;181207;2733
181208;181208;2734
181209;181209;2735
181210;181210;2736
181211;181211;2737
181302;181302;2738
181303;181303;2739
181310;181310;2740
181311;181311;2741
181312;181312;2742
181313;181313;2743
181314;181314;2744
181316;181316;2745
181317;181317;2746
181318;181318;2747
181319;181319;2748
181403;181403;2749
181405;181405;2750
181406;181406;2751
181410;181410;2752
181411;181411;2753
181412;181412;2754
181801;181801;2755
181802;181802;2756
181803;181803;2757
181804;181804;2758
181806;181806;2759
181810;181810;2760
181811;181811;2761
181814;181814;2762
181818;181818;2763
181819;181819;2764
181820;181820;2765
181821;181821;2766
181817;181817;2767
181702;181702;2768
181704;181704;2769
181706;181706;2770
181707;181707;2771
181709;181709;2772
181710;181710;2773
181711;181711;2774
181713;181713;2775
181714;181714;2776
181501;181501;2777
181502;181502;2778
181504;181504;2779
181505;181505;2780
181507;181507;2781
181509;181509;2782
181515;181515;2783
181516;181516;2784
181517;181517;2785
181511;181511;2786
181512;181512;2787
181602;181602;2788
181606;181606;2789
181607;181607;2790
181608;181608;2791
181609;181609;2792
181612;181612;2793
181615;181615;2794
181616;181616;2795
181620;181620;2796
181621;181621;2797
181622;181622;2798
181623;181623;2799
181617;181617;2800
181619;181619;2801
181901;181901;2802
181902;181902;2803
181904;181904;2804
181905;181905;2805
181906;181906;2806
181908;181908;2807
181913;181913;2808
181914;181914;2809
181918;181918;2810
181919;181919;2811
181920;181920;2812
181921;181921;2813
181917;181917;2814
182004;182004;2815
182005;182005;2816
182006;182006;2817
182011;182011;2818
182012;182012;2819
182013;182013;2820
182009;182009;2821
182102;182102;2822
182103;182103;2823
182105;182105;2824
182106;182106;2825
182107;182107;2826
182108;182108;2827
182109;182109;2828
182110;182110;2829
182111;182111;2830
182116;182116;2831
182118;182118;2832
182122;182122;2833
182127;182127;2834
182128;182128;2835
182129;182129;2836
182130;182130;2837
182131;182131;2838
182132;182132;2839
182133;182133;2840
182203;182203;2841
182204;182204;2842
182205;182205;2843
182208;182208;2844
182206;182206;2845
182301;182301;2846
182304;182304;2847
182305;182305;2848
182306;182306;2849
182307;182307;2850
182310;182310;2851
182337;182337;2852
182315;182315;2853
182316;182316;2854
182318;182318;2855
182319;182319;2856
182320;182320;2857
182321;182321;2858
182339;182339;2859
182322;182322;2860
182323;182323;2861
182325;182325;2862
182340;182340;2863
182327;182327;2864
182329;182329;2865
182317;182317;2866
182336;182336;2867
182335;182335;2868
182338;182338;2869
182341;182341;2870
182401;182401;2871
182403;182403;2872
182407;182407;2873
182409;182409;2874
182410;182410;2875
182413;182413;2876
182414;182414;2877
182415;182415;2878
182411;182411;2879
